title,roku_compound,roku_sentiment
"How to cancel your account at Netflix, Amazon Prime, and others",-0.0772,-1.0
"At CES 2021, TCL put all other TV makers on notice: We’re just getting started",0.0,0.0
Everything to know about Discovery+,0.0,0.0
How the Xbox’s default “instant on” feature could harm the environment,-0.5423,-1.0
What Must Roku Do To Justify Its Lofty Share Price? Here’s An Idea,0.296,1.0
"Got $1,000? Here Are 3 Stocks to Consider Buying Right Now",0.0,0.0
How to Stream “The Office”,0.0,0.0
Roku's UI?,0.0,0.0
Palantir Soars on Reports ARK Next Gen ETF Bought Shares,0.296,1.0
How to Watch ‘WandaVision’ Online: Stream the Marvel Series Now on Disney+,0.4215,1.0
Is Palantir Set to Break Out and Retest Highs?,0.0,0.0
Costco offering 65-inch Series 4 TCL TV for $90 off,0.0,0.0
TCL's massive 85-inch Roku TV costs less than you think,0.0,0.0
Samsung’s Peacock Standoff with NBCUniversal Shows Power of TV Makers,0.0,0.0
Roku Rescues Quibi’s Content; OpenAP Launches SSP for TV,0.3182,1.0
Denon announces the Home Sound Bar 550 with AirPlay 2 support,0.4019,1.0
"Best live TV streaming service for cord cutters: YouTube TV, Hulu, Sling TV and more compared - CNET",0.6369,1.0
Dungeons & Dragons rolls a new live action series from John Wick creator,0.0,0.0
"Disney Plus UK: price, app and how to watch Soul and WandaVision on your TV",0.0,0.0
All of the latest HomeKit and AirPlay accessories announced during CES week,0.0,0.0
"Denon Introduces New Sound Bar With Dolby Atmos, AirPlay 2 Support, and More",0.4019,1.0
Why Is Roku Buying Video Content?,0.0,0.0
This top-rated soundbar and wireless sub bundle is down to $110 at Amazon,0.1779,1.0
How to watch Sri Lanka vs England: Live stream 1st Test cricket online,0.0,0.0
How to watch Australia vs Indias: Live stream 4th Test cricket online,0.0,0.0
How to cancel a Funimation subscription according to the method you used to sign up,-0.25,-1.0
Steps and Tips to Activate PBS on Roku,0.0,0.0
The Best 4K TVs,0.6369,1.0
2 Virginia officers charged after allegedly storming Capitol,-0.2023,-1.0
Philco and Roku Launch Philco Roku TV Lineup in Brazil,0.0,0.0
Rittenhouse flashed white power signs while out with Proud Boys at bar,0.4767,1.0
HBO Max Extends 22% Discount Offer Through March,0.128,1.0
Will TCL's newest 6-Series TV make 8K affordable?,0.0,0.0
Put the pep back into your step with highly-spirited cheerleader porn,0.2263,1.0
"‘It’s go time’: Revolt to debut ad-supported streamer focused on Black culture, social justice in Q1",0.7184,1.0
"2x Roku Gin (+ Free 4x Fentimans Connoisseur Tonic, 2x Cans of Beefeater Pink Strawberry Gin & Soda) $98.28 Delivered @ Boozebud",0.5106,1.0
ViacomCBS Is Finding Success in Streaming,0.5719,1.0
"Stars Of ABC’s ‘All My Children’, ‘One Life To Live’ & ‘General Hospital’ Reunite For Streaming Concert Benefit",0.4588,1.0
"Roku, Philco announce new partnership to bring TV models to Brazil",0.0,0.0
Hisense 65″ 4K UHD Smart Android TV Only $429.99 Shipped on BestBuy.com (Regularly $500),0.4019,1.0
AT&T's cord-cutting TV Now service is no longer accepting signups,0.1027,1.0
"Apple’s latest iPad Air highlight’s today’s best deals, plus Apple Watch bands on sale, more",0.6369,1.0
"Google TV is the new Android TV, coming to Sony smart TVs this year - CNET",0.4019,1.0
"Roku Didn’t Buy Quibi’s Turnstyle Technology, Which Is Still Embroiled in a Legal Fight",-0.2732,-1.0
Cori Bush slams GOP colleagues who refused metal detectors,-0.296,-1.0
Rep. Al Green reacts to praise for early call to impeach Trump in 2019,0.5574,1.0
Roku Stick Overheating- How to fix Roku Streaming Stick Overheating,0.0,0.0
There Is Only One Roku,0.0,0.0
Steps To Activate Showtime On Roku Easily,0.34,1.0
Live stream PSG vs Marseille: How to watch the Trophée des Champions online,0.5267,1.0
Ayanna Pressley’s panic buttons ‘torn out’ from Congressional office,-0.5106,-1.0
"Deals: Pixel 5 BOGO free, Samsung Galaxy Tab A7 $230, more",0.5106,1.0
The best TV announcements at CES 2021,0.6369,1.0
Amazon’s surprise sale gets you a Fire TV Stick Lite for just $25,-0.0772,-1.0
Future of TV Briefing: The ad-supported streaming war officially kicks off in 2021,-0.5994,-1.0
Westinghouse 43-inch 1080p Roku HDTV sees 1-day price drop to $180,-0.2732,-1.0
Save $50 on the Nebula soundbar with Fire TV Stick 4K and Echo Dot features built-in,0.2023,1.0
St George Botanivore Gin $45 @ First Choice Liquor,0.0,0.0
There Is Only One Roku,0.0,0.0
TCL Reveals Slew of New 6-Series 8K TVs - PCMag India,0.0,0.0
13 Quibi Shows Worth Watching on Roku,0.2263,1.0
The best soundbars of CES 2021,0.6369,1.0
"Best 4K TV for 2021: LG, Vizio, Sony and TCL compared - CNET",0.6369,1.0
3 Big Announcements That Will Make Roku Investors Richer,0.5267,1.0
Roku Gained Smart TV Supremacy in 2020. Here's Why It Matters.,0.6808,1.0
Roku.com/link | Roku Com Link Activation | Link Activation Roku,0.0,0.0
McConnell reportedly pleased by Trump impeachment talks,0.4404,1.0
"AT&T is merging its AT&T TV and TV Now streaming services, here's what it means - CNET",0.0,0.0
"Best Buy - Westinghouse 65"" WR65UX4019 LED 4K UHD Smart Roku TV $399.99",0.7845,1.0
Man caught on camera breaking into Kennewick business - YakTriNews KAPP-KVEW,0.0,0.0
TCL's 2021 TV lineup includes 8K sets with 'OD Zero' mini LED tech,0.0,0.0
TCL unveils the first Roku TV Ready wireless soundbar,0.3612,1.0
The Technical Indicator: Charting a decisive 2021 breakout: U.S. benchmarks clear 20-day volatility bands,0.5423,1.0
Macquarie boosts Roku target on 2021 growth: 'Not stepping off this train',0.5994,1.0
"Cord-Cutting To Accelerate In 2021, With 27 Percent Of Cable Households Disconnecting",0.0,0.0
Where to find Wolves vs. Everton on US TV and streaming,0.0,0.0
Vanessa Bryant wishes Mary J Blige a happy 50th birthday with special throwback post,0.7906,1.0
Ted Cruz’s communication director resigns following Capitol riot,-0.7096,-1.0
GOP Rep. Cheney says she will vote to impeach Trump,0.0,0.0
Upgrade to TiVo’s Stream 4K media player with Android TV at $39 (Save 20%),0.0,0.0
TCL unveils the first Roku TV Ready wireless soundbar,0.3612,1.0
"TCL announces XL Collection line of TVs, vows to take 8K mainstream this year",0.0,0.0
Watch TCL's CES keynote in 9 minutes,0.0,0.0
CES 2021: TCL to Release More 8K TVs and 'Roku TV Ready' Sound Bars With AirPlay 2 This Year,0.3612,1.0
"TCL's 2021 TV lineup includes a massive 85-inch Roku TV for just $1,599",0.0,0.0
TCL launches affordable 8K TVs and a NXTPAPER tablet at CES 2021,0.0,0.0
TCL’s latest soundbars go fully wireless at CES 2021,0.0,0.0
"Vizio TV sale: Save $200 on a 65-inch OLED smart TV, get a 70-inch LED TV for $170 off - CNET",0.7096,1.0
Google TV is coming to more TVs with TCL's 2021 lineup,0.0,0.0
"Meet the online gadget show, a hall of mirrors to the future - CTV News",0.0,0.0
"Meet the online gadget show, a hall of mirrors to the future - 95.7 News",0.0,0.0
TCL announces new Google TV set to debut later this year,0.0,0.0
"TCL announces mini-LED, OLED, and QLED TVs at CES 2021",0.0,0.0
TCL will launch its first television with Google TV this year - CNET,0.0,0.0
Roku (ROKU) Gains As Market Dips: What You Should Know,0.34,1.0
TCL shows MoveAudio S600 wireless earphones alongside AirPlay soundbars at CES,0.0,0.0
Roku Stock Has Soared. Citigroup Sees New Heights Ahead.,0.0,0.0
TCL’s New 6-Series QLED TVs Will All Be 8K,0.0,0.0
"Stocks making the biggest moves midday: Nio, Tesla, Roku, Lululemon & more",0.0,0.0
Ex-police chief suspects pipe bombs were used to distract from Capitol attack,-0.7717,-1.0
Black officers describe their experiences during Capitol Riots,-0.5106,-1.0
North Carolina Democrats look to oust Madison Cawthorn,0.0,0.0
How to watch American Gods from anywhere online,0.0,0.0
Black woman named acting Capitol police chief,0.0,0.0
How to watch Bears vs Saints Wildcard live stream online from anywhere,0.0,0.0
How to watch Browns vs. Steelers Wild Card live stream,0.0,0.0
How to watch Ravens vs. Titans NFL Wild Card live stream,0.0,0.0
How to watch Colts vs Bills live stream online anywhere,0.0,0.0
Quibi Sells Its Library To Roku,0.0,0.0
Roku Pops 5% On Quibi Catalog Content Deal,0.0,0.0
Roku or Zoom: Which is the Better Tech Pick in 2021?,0.4404,1.0
Westinghouse 65″ LED 4K Smart Roku TV Only $399.99 Shipped on BestBuy.com (Regularly $600),0.4019,1.0
Roku TV Was the Top TV Operating System in 2020,0.2023,1.0
"Free Horror, Action, & Comedy on the Way From Quibi & Roku",0.2732,1.0
Roku officially takes over short-lived Quibi's library of 75 original shows that include big name stars like Chrissy Teigen and Kevin Hart,0.5859,1.0
Westinghouse 65″ Class LED 4K UHD Smart Roku TV – Only $399.99!,0.4574,1.0
Lenovo LED Monitor Only $199.99 Shipped on BestBuy.com (Regularly $300),0.0,0.0
Got new tech? Lock it down now before it’s too late - KTAR.com,0.0,0.0
Pence reportedly still considering 25th Amendment,0.0,0.0
Another Capitol police officer died this week,-0.5574,-1.0
Why Quibi's Content Could Work Better at Roku Than Quibi,0.4404,1.0
Republican AGs association promoted Capitol march through robocalls,0.4215,1.0
"During the Capitol riots, Trump made calls to halt election proceedings",-0.5106,-1.0
Why Quibi's Content Could Work Better at Roku Than Quibi,0.4404,1.0
How to watch Bucs vs Washington live stream online anywhere,0.0,0.0
How to watch NFL Playoffs and wild card live streams online anywhere,0.0,0.0
Here's how to watch the Rams vs Seahawks Wild Card game online,0.0,0.0
"Saturday's Best Deals: 65-Inch Roku 4K TV, Water Flosser, Ergonomic Massage Gaming Chair, Knit Cap Sets, Fast iPhone 12 Charger, and More",0.6369,1.0
Quibi's short-form videos will be resurrected in 2021 thanks to Roku,0.4404,1.0
Roku Expands Reach with Exclusive Content from Quibi,0.25,1.0
Warren Buffett’s Latest Challenger Will Fizzle Like the Rest,0.4588,1.0
Roku has bought Quibi's shows,0.0,0.0
115° - Hisense Roku 50 Inch Smart 4K HDR LED TV £329 / 43 inch £279 / 55 inch £379 (£3.95 delivery) @ Argos,0.4019,1.0
Roku Announces It’s the #1 Selling Smart TV OS in the US and Canada,0.4019,1.0
‘SoHo Karen’ taken to court with feet shackled,0.0,0.0
Proud Boys Hawaii founder Nick Ochs arrested for unlawful entry at Capitol,0.0,0.0
"Congressional Democrats demand Capitol riot investigation, fear it was an ‘inside job’",-0.8074,-1.0
The Best Way to Store and Organize Batteries,0.6369,1.0
"Kansas vs. Oklahoma: Prediction, pick, odds, point spread, line, basketball game, tipoff time, live stream",0.0,0.0
Where to find Arsenal vs. Newcastle on US TV and streaming,0.0,0.0
Daily Crunch: Roku buys Quibi’s content library,0.0,0.0
Roku Acquires Rights to Quibi’s Content - The Wall Street Journal,0.0,0.0
Quibi’s $1.75B experiment ends with Roku acquisition for “less than $100M”,0.0,0.0
Roku buys video-streaming app Quibi's content library - Reuters,0.0,0.0
Roku buys video-streaming app Quibi's content library - Reuters,0.0,0.0
Roku Buys Content From Failed Quibi Video App,-0.5106,-1.0
"Roku Tops 51 Million Accounts, Becoming the Biggest Smart TV Platform in North America",0.7184,1.0
Roku confirms it is buying Quibi content for use on Roku Channel [U],0.0,0.0
"Quibi might be dead, but its content lives on with acquisition by Roku",-0.3919,-1.0
Quibi will rise from the grave as its shows will be streamed on Roku Channel,-0.3818,-1.0
"Roku says Roku OS-powered smart TVs held 38% market share in the US and 31% in Canada in 2020, according to NPD (Jason Gurwin/The Streamable)",0.5994,1.0
Roku makes it simpler to build wireless soundbars for Roku TVs,0.0,0.0
Roku Confirms Acquisition of Exclusive Global Rights to Dozens of Quibi Shows,0.128,1.0
Roku Acquires Rights to Quibi Content for Less Than $100 Million,0.0,0.0
"Roku has acquired global rights for Quibi content for, sources say, less than $100M, and will make it available free to stream in 2021 on the Roku Channel (Wall Street Journal)",0.5106,1.0
Roku will buy the rights to Quibi’s content library.,0.0,0.0
Nobody Wanted to Pay for Quibi When It Launched — Now Its Shows Are Streaming for Free on Roku,0.5267,1.0
Why Roku Stock Jumped 5% Today,0.0,0.0
Roku snaps up Quibi's collection of short shows,0.0,0.0
Roku Buys Quibi's Library to Boost Free Streaming Service,0.7184,1.0
Roku announces some very big news that could worry Amazon's Fire TV Stick - Express,-0.6486,-1.0
Roku Added Over 14 Million Accounts Last Year,0.0,0.0
"Roku Shares Soar 10.6 Percent On Upgrade, Higher User Numbers",0.296,1.0
How to watch The Stand anywhere online,0.0,0.0
How to watch Australia vs Indias: Live stream 3rd Test cricket online,0.0,0.0
My 3 Best Stocks to Buy in 2021,0.6369,1.0
Roku Stock Is Climbing Because It Won Streaming,0.5719,1.0
GOP board member falsely claims she’s Black colleague after alleged hit-and-run,0.0,0.0
Another Streaming Player Enters The Fray,0.0,0.0
"Today’s top deals: Beats blowout, Purell discounts, huge coffee essentials sale, $99 smart TVs, more",0.7003,1.0
Vevo looks to expand its TV screen footprint with new Comcast deal,0.3182,1.0
Roku Paces Past 50M Active Users; Top Analyst Sticks To Buy,0.5423,1.0
Make Your Next Binge Session More Productive With This Streaming Service,0.0,0.0
Rev. Raphael Warnock once arrested at US Capitol for praying,-0.1531,-1.0
"Best Buy - Westinghouse 42"" LED FHD TV Roku Smart TV $179.99",0.7845,1.0
"How to install Adult Time on Roku, Amazon Fire, and Chromecast",-0.1779,-1.0
Roku Stock: Potential To Hit $500?,0.0,0.0
Roku had 51.2 million active user accounts in 2020,0.4019,1.0
"Domino’s, FedEx, Lockheed, Roku and More of Tuesday Afternoon’s Analyst Calls",0.0,0.0
"Joker, Elf Among Top Roku Searches In 2020",0.3182,1.0
Roku climbs as the streaming company breaks the 50 million active account milestone (ROKU),0.4019,1.0
Adam Sandler Was Most-Searched Person Of 2020 On Roku,0.0,0.0
Roku passes 50 million active users as it races to catch Amazon - CNET,0.5267,1.0
"Roku says it now has 51.2M active user accounts, up by about 14M in 2020, and users streamed 58.7B hours in 2020 (Anthony Wood/Roku Blog)",0.4019,1.0
Roku Stock: Headed to $414?,0.0,0.0
How to watch Man United vs Man City: Live stream the Carabao Cup semi-final,0.4215,1.0
"Why Roku Dropped, Then Jumped Today",0.0,0.0
How Roku Shares Rose 13% in December,0.296,1.0
"Discovery+ Needs to Be Part of Your Streaming Life, It's That Good",0.4404,1.0
Trump denies Pence rebuffed his call to challenge election certification,-0.3612,-1.0
Consumers Are Flocking to Roku's Platform,0.0,0.0
Roku has more than 50 million active accounts and celebrates with a giveaway,0.7506,1.0
How to watch AC Milan vs Juventus: Live stream Series A football online,0.0,0.0
Maxine Waters slams Trump for security concerns over election challenge,0.4019,1.0
Roku eclipses 50 million active user account milestone,0.4019,1.0
Roku Now Has 51.2 Million Active Users,0.4019,1.0
Spectrum TV: Everything you need to know about Charter’s television options,0.0,0.0
Miya Ponsetto lawyer says she attacked Black teen due to anxiety,-0.5719,-1.0
Ivanka Trump refers to protesters storming Capitol as ‘American patriots’,-0.2263,-1.0
: How to make money in 2021 — follow these three stock market takeaways from last year,0.0,0.0
Quibi Reportedly In Talks To Sell Its Shows To Roku,0.0,0.0
Discovery+ Launches Today,0.0,0.0
Why Roku Shares Rose 5% Today,0.296,1.0
Roku's Shopping for More Roku Channel Content,0.0,0.0
"Catch up: Quibi shops its videos to Roku, and a venture to disrupt health care shuts down.",0.4939,1.0
Earnings Results: FuboTV stock surges after upbeat subscriber numbers,0.0,0.0
3 Hot Stocks to Buy in January,0.0,0.0
The Morning After: Discovery+ is the first new streaming service of 2021,0.0,0.0
Snag 6 Months Of HBO Max For Less For A Limited Time,-0.1585,-1.0
"Discovery+ standalone streaming service now live, but only in US",0.0,0.0
discovery+ starts streaming “real-life entertainment” in the U.S,0.0,0.0
Konka shows off WebOS-based smart TVs ahead of CES 2021,0.4019,1.0
Discovery+ streaming service launches in the US on Roku and Fire TV,-0.34,-1.0
Roku Gin 700ml $48.90 @ Amazon + Delivery (Free with Prime),0.1779,1.0
"FuboTV Stock Bounces Back On Preliminary Q4 Subscriber Gains, Revenue Beat",0.34,1.0
[eBay Plus] Roku Japanese Gin 700ml $48.90 Shipped @ Dan Murphy’s eBay,0.0,0.0
New York Exchange Halts Plan to Delist Chinese Firms: Live Business Updates,0.0,0.0
Here's the Popular Robinhood Stock Most Likely to Soar in 2021,0.4215,1.0
"Roku, Bank of America, Coca-Cola, Canadian Solar, and More of Tuesday Afternoon’s Analyst Calls",0.0,0.0
Locked Down Trailer: Quarantine Won’t Stop Anne Hathaway From Stealing a Diamond,-0.5423,-1.0
Quibi's content library could make its way to Roku,0.0,0.0
"Discovery+ launches today, and it's available on Fire TV, Roku and more",-0.34,-1.0
Roku Reportedly Looking to Buy Quibi's Rotting Corpse,-0.5719,-1.0
The Morning After: Samsung's Galaxy S21 will be revealed on January 14th,0.0,0.0
Is Discovery+ Worth It?,0.2263,1.0
Quibi in talks to sell content catalog to Roku - WSJ - Reuters India,0.0,0.0
"Discovery+ streaming service to launch on Roku, Amazon Fire TV and others - Reuters India",-0.1779,-1.0
Quibi in talks to sell content catalog to Roku - WSJ - Reuters,0.0,0.0
Quibi shows set to be sold off to Roku after company collapse,-0.4939,-1.0
How to Claim Your Free Year of Discovery+ Through Verizon,0.5106,1.0
Quibi might have finally found a buyer for its shows,0.0,0.0
"Some Quibi content may live on, despite the failure of the platform",0.4023,1.0
Quibi is selling content to Roku,0.0,0.0
Roku In Talks To Buy Shows From Failed Streaming Service Quibi,-0.5106,-1.0
"Roku might pick up all of that abandoned Quibi content, raise it as its own",-0.4588,-1.0
Why Roku Stock Fell Today,0.0,0.0
Roku Looking to Snag Quibi’s Library of Bite-Sized TV Shows and Movies,0.0,0.0
Roku Set to Acquire Quibi's Program Library,0.0,0.0
Roku Is in Talks to Buy Rights to Quibi’s Shows — Report,0.0,0.0
Roku And Amazon Confirmed Among Discovery+ Streaming Partners,0.1779,1.0
Best 32-inch TV for 2021 - CNET,0.6369,1.0
Texas congressman backpedals after implying election-related violence is needed,-0.6249,-1.0
Pittsburgh Steelers vs. Cleveland Browns: How to watch week 17 of NFL play,0.34,1.0
How to Watch Falcons vs Buccaneers live stream online from anywhere,0.0,0.0
"Got $5,000? Here Are 3 Stocks to Buy and Hold For the Long Term",0.0,0.0
Cincinnati Bengals vs. Baltimore Ravens: How to watch week 17 of NFL play f,0.34,1.0
How to watch Jets vs Patriots live stream online anywhere,0.0,0.0
Miami Dolphins vs. Buffalo Bills: How to watch week 17 of NFL play from any,0.34,1.0
Dallas Cowboys vs. New York Giants: How to watch week 17 of NFL play from a,0.34,1.0
How to watch Vikings vs Lions live stream from anywhere,0.0,0.0
'Wonder Woman 1984' Faces a Box Office Dip & HBO Max Glitches,0.0,0.0
"‘Wonder Woman 1984’ Grosses $5.5M In Weekend 2 Domestic, -67%, As HBO Max Glitches Continue",-0.2023,-1.0
"Up next, recap & links",0.0,0.0
Trump begs Georgia officials to find votes in leaked phone call,-0.3182,-1.0
Ahmaud Arbery’s killers ask that he not be called a ‘victim’,-0.6486,-1.0
"Discovery Plus is Already Available to Download on Apple TV, Amazon Fire TV, Android TV, Chromecast, & Mobile - The Streamable",-0.1779,-1.0
Panthers vs. Saints: How to watch or stream Week 17 matchup,0.0,0.0
How To Watch ‘The Bee Gees: How Can You Mend A Broken Heart’ Documentary On HBO Max,-0.4767,-1.0
Businesses owned by minorities saw PPP loan disbursement delays,0.0,0.0
Ahmaud Arbery’s killers ask that he not be called a ‘victim’,-0.6486,-1.0
How to connect your laptop to a monitor,0.0,0.0
Nicki Minaj unveils first photos of newborn son,0.0,0.0
"Black doctor leaves Seattle hospital citing racism towards staff, patients",-0.6249,-1.0
Black congressman-elect says Trump won the election,0.5719,1.0
How to watch Ryan Garcia vs Luke Campbell live stream online anywhere,0.0,0.0
Original Black Eyed Peas member Kim Hill responds to Will.I.Am,0.3182,1.0
Streaming Boom Reaches 2021 Crossroads: Can Big Media Really Catch Netflix?,0.0516,1.0
"College basketball picks, schedule: Predictions, odds for Kansas vs. Texas and other key games Saturday",0.0,0.0
Pregnant women in a quandary over safety of vaccine,0.4215,1.0
What Is the Best Alternative to Cable TV?,0.6369,1.0
Where to find West Brom vs. Arsenal on US TV and streaming,0.0,0.0
How To Watch ‘Garcia Vs. Campbell’ Tonight On DAZN!,0.0,0.0
Trump suggests Georgia Senate runoffs voting is ‘illegal and invalid’,0.0,0.0
"New Year's sales 2021 — Amazon, Walmart, Best Buy and more - Tom's Guide",0.7096,1.0
Where to find Boca Juniors vs. River Plate on US TV and streaming,0.0,0.0
Where to find Rangers vs. Celtic on US TV and streaming,0.0,0.0
"Florida vs. LSU: Prediction, pick, odds, point spread, line, basketball game, tipoff time, live stream",0.0,0.0
"This week on ""Sunday Morning"" (January 3)",0.0,0.0
Virginia State Senator dies of COVID-19 complications,0.0,0.0
Nicki Minaj unveils first photos of newborn son,0.0,0.0
More Streaming Remotes Need to Be Battery-Free,0.0,0.0
4 stellar new features to check out in the NASA app,0.0,0.0
Best Budget 4K TV for Most People,0.6369,1.0
Amazon has Roku players starting at $25 for New Year’s Day,0.1779,1.0
Minneapolis police release bodycam footage of fatal shooting of Black man - Yahoo News,-0.5423,-1.0
At least 140 Republicans expected to vote against Electoral College count,0.0,0.0
Best Buy Flash Sale: Up to $350 off,0.6369,1.0
FuboTV: Solid Positioning For Sports Betting,0.1531,1.0
Why People Love Roku’s Streaming Platform,0.6369,1.0
"Fake teen doctor, now 23, arrested for fraud in Florida",-0.875,-1.0
"Showbiz Stocks In 2020: Tech Tops, Cinema Flops Amid Covid Crash & Streaming Dash",-0.2023,-1.0
"Investing In The New Year, State Of Fear",-0.4939,-1.0
Do 90 Day Fiance Fans Need Discovery+ to Keep Watching?,0.0,0.0
Ne-Yo proposes to wife Crystal Smith on New Year after rekindling marriage,0.0,0.0
"Fake teen doctor, now 23, arrested for fraud in Florida",-0.875,-1.0
Bill Cosby thanks Jesse Jackson for calling for prison release amid COVID-19,-0.1027,-1.0
"Hip-hop legend MF DOOM is dead at 49, his wife confirms - Yahoo News",-0.8286,-1.0
PREVIEW: Huskies host Alabama Huntsville to open WCHA play - michigantechhuskies.com,0.34,1.0
At least 140 Republicans expected to vote against Electoral College count,0.0,0.0
"Hip-hop legend MF DOOM is dead at 49, his wife confirms",-0.8286,-1.0
3 Key Catalysts for Roku Stock,0.0,0.0
Roku (ROKU) Stock Sinks As Market Gains: What You Should Know,0.34,1.0
The 1 Thing You Should Know About Streaming Stocks Before You Buy,0.0,0.0
"Move Over, Warren Buffett: This Is the Star Investor You Should Be Following",0.0,0.0
"Snoop Dogg, Desus & Mero Cameo For CNN’s NYE Celebration: Watch Now",0.0,0.0
We Found a Bubble–but It May Not Be What You Think It Is,0.0,0.0
Here's How to Watch the Times Square Ball Drop This New Year's Eve,-0.2732,-1.0
"Major streaming service subscribers are up 50% since last year, proof of how the pandemic has boosted some industries and crushed others",-0.0772,-1.0
How to Stream CNN’s ‘New Year’s Eve Live With Anderson Cooper and Andy Cohen’,0.0,0.0
How to Watch the Times Square Ball Drop Without Cable,-0.2732,-1.0
The Best Stock Picker of 2020 Wins With Disruptive DNA,0.765,1.0
"Samuel Little, serial killer who confessed to over 90 murders, dies at 80",-0.8411,-1.0
"On RHOSLC, Jen Shah continues to dig into fellow Housewives’ marital drama",0.0,0.0
Dr. Fauci says US could be back to normal by early fall 2021,0.0,0.0
Walmart apologizes after calling Sen. Hawley a ‘sore loser’ over Biden win,0.743,1.0
Azriel Clary says she receives R. Kelly backlash from Black community,0.0,0.0
Kelly Rowland busts major moves while 8 months pregnant in video,0.0,0.0
8 Products on Deep Discount in January,0.0,0.0
How to watch Pixar's Soul with Disney Plus right now - CNET,0.0,0.0
"Steve Bannon’s War Room Pandemic - Evening Edition LIVE, 5PM ET [12/31/2020]",-0.5994,-1.0
"The best TV for 2021: LG OLED, Samsung and TCL QLED, Sony and Vizio compared - CNET",0.6369,1.0
The New Fire TV Finally Offers a Decent Streaming Experience,-0.34,-1.0
Kobe Bryant planned on leaving Nike for ‘Mamba’ shoe brand before his death: report,-0.5994,-1.0
What's Worth Streaming: These streaming services were worth paying for in 2020 — but might not be next year,0.2263,1.0
Woman expected to be charged in alleged hotel attack involving Black teen,-0.5994,-1.0
Dance pioneer Adolfo ‘Shabba-Doo’ Quinones dead at 65: report,-0.6486,-1.0
: Tech stocks’ COVID-19 surge could face turbulence in 2021,0.0,0.0
11 Kids Movies To Rewatch That Will Bring You Some Nostalgic Joy If You Grew Up In The ’90s,0.5859,1.0
Is Roku Stock A Buy As 2020 Draws To A Close? Here's What IBD Charts Show,0.0,0.0
Fubotv Inc (FUBO): Requiem For A Stream,0.0,0.0
"Nurse who was vaccinated contracts COVID-19, expert says it ‘needed more time’",0.0,0.0
Disney+ beat HBO Max in subscriber gains over the Christmas holiday,0.6249,1.0
Woman accused of assaulting teen over iPhone claims to be victim,-0.765,-1.0
Here's How to Watch the Times Square Ball Drop on New Year's Eve,-0.2732,-1.0
Best smart home gadgets under $200,0.7845,1.0
Louisiana congressman Luke Letlow dead from COVID-19,-0.6486,-1.0
‘The Challenge: Double Agents’ Episode 4 Live Stream: Watch Season 36 Online,0.0772,1.0
Michael B. Jordan will make his directorial debut with ‘Creed III’,0.0,0.0
Pelosi expected to narrowly win vote to serve as House Speaker for new session,0.5859,1.0
Tyrese’s SUV is stolen from the driveway of his Atlanta mansion,-0.4939,-1.0
Where's the Apple TV Dongle?,0.0,0.0
Deep Dive: 15 stock-market winners that index-fund investors missed in 2020,0.2263,1.0
LG rolling out AirPlay 2 and HomeKit support for its 2018 Smart TVs,0.6597,1.0
Stacey Abrams: Republicans ‘do not know how to win without voter suppression’,0.5859,1.0
Book: In the Beginning…Was the Command Line,0.0,0.0
"Donald Trump, Michelle Obama named America’s most admired in 2020",0.5563,1.0
The Coolest Gadgets of 2020,0.0,0.0
"Best Buy - Westinghouse 75"" Class LED 4K UHD Smart Roku TV $679.99",0.7845,1.0
Is fuboTV Worth $8 or $60?,0.2263,1.0
Roku Stock: A Better Bet Than Netflix Post Covid?,0.4404,1.0
Does Your TCL Roku TV Have a 'Security Flaw'? The Answer is No.,0.0516,1.0
"Got $10,000? Stock Up on Activision Blizzard Stock Before 2021",0.0,0.0
Roku Streambar with 4K playback + stereo audio at its lowest price since Black Friday at $110,-0.3818,-1.0
Amazon’s 2020 bestsellers list: Pandemic buying habits revealed,0.0,0.0
The pandemic has given network news shows a much-needed boost…on YouTube,0.0,0.0
"25% off code for Adams Distillery, Whisky and Gin",0.0,0.0
Four Pillars Rare Dry Gin 2×700ml $130 @ Liquorland,0.0,0.0
Warner Announced ‘Wonder Woman 3’ So You’d Presume ‘Wonder Woman 1984’ Was Already A Hit,0.0,0.0
Monique Samuels explains why she decided to exit ‘RHOP’,0.0,0.0
Thezeusnetwork com Activate {Dec} Read To Know For Shows,0.0,0.0
"The best after-Christmas deals you can get right now: Save $100 on a 75-inch Roku TV, $60 on a Apple Watch Series 6 and more - CNET",0.8126,1.0
"Today’s best deals: $40 Amazon gift card, Clorox wipes, $24 wireless earbuds, $25 Roku, KN95 masks, more",0.8316,1.0
The Top Streaming Stocks to Buy in 2021,0.2023,1.0
Tiffany Haddish says she loves Common for not trying to dim her light,0.5719,1.0
How to watch Everton vs Man City: Live stream Premier League soccer online,0.0,0.0
Are Options Traders Betting on a Big Move in Roku (ROKU) Stock?,0.0,0.0
Michelle Obama gifted Barack Obama with art by wrongfully convicted man,0.0,0.0
"Roku salaries revealed: How much the streaming company pays for key US jobs in product, engineering, and more (ROKU)",0.0,0.0
3 Great Stocks Under $10 a Share,0.743,1.0
"The best year end tech deals from across the internet are here: Save on Apple, Sony, Bose, Samsung, and more - Yahoo Lifestyle",0.8126,1.0
DC Films Could Release Up to Four Movies in Theaters a Year Starting in 2022,0.0,0.0
Analysts Explain What This Year’s Seismic TV Changes Mean for 2021,0.0,0.0
Meghan Markle and Prince Harry looking to extend their royal exit deal: report,0.1779,1.0
TCL refutes claim about planting backdoor software on TVs,0.0,0.0
FuboTV drops 14% after best idea short call at Hedgeye,0.6369,1.0
Where to find Everton vs. Man City on US TV and streaming,0.0,0.0
Top 10 Best Soundbars,0.7184,1.0
Mariah Carey in talks for more specials for Apple TV+,0.0,0.0
Top ETFs As Markets Enter Final Week Of 2020,0.2023,1.0
"House to vote on $2,000 stimulus after Trump’s signing of relief bill",0.4767,1.0
Here's My Top Stock to Buy for 2021 and Beyond,0.2023,1.0
How to watch Browns vs Jets online live stream anywhere,0.0,0.0
How to watch LA Rams vs Seahawks live stream online anywhere,0.0,0.0
How to watch Panthers vs Washington live stream online anywhere,0.0,0.0
How to watch the Colts vs Pittsburgh live stream online anywhere,0.0,0.0
"Trump’s call for $2,000 stimulus check divides GOP",0.0,0.0
Councilman Shook criticizes Mayor Bottoms after 7-year-old shot in Atlanta,-0.4215,-1.0
"Trump’s pardons, rage tweeting is peak white male privilege. Obama could never.",0.0258,0.0
Reflections on a Year of Binge Watching,0.0,0.0
‘Wonder Woman 1984’ Debuts with Pandemic-Best $16.7M,0.0,0.0
'Wonder Woman 1984' debuts with pandemic-best $16.7M,0.0,0.0
Panthers vs. Washington: How to watch or stream Week 16 matchup,0.0,0.0
How to watch Pixar's Soul on Disney Plus today - CNET,0.0,0.0
Watch Wonder Woman 1984 today on HBO Max -- and don't skip the end credits - CNET,0.3612,1.0
"Best TVs for PS5 and Xbox Series X, Series S in 2021: LG OLED, Samsung QLED, Sony, TCL and Vizio - CNET",0.6369,1.0
'Wonder Woman 1984' debuts with pandemic-best $16.7 mil,0.0,0.0
New York health provider investigated for illegal use of COVID vaccine,-0.5574,-1.0
"Mega Millions prize reaches $376M, Powerball $363M after weekend drawings",0.5423,1.0
US officials say suspect in Nashville explosion died in blast,-0.7003,-1.0
"Shooting at Illinois bowling alley leaves 3 dead, 3 injured",-0.7906,-1.0
These are the best Boxing Day TV sales you can shop in Canada - Yahoo Philippines News,0.6369,1.0
San Francisco mayor says Harris’s Senate seat replacement is ‘unfortunate’,0.0,0.0
How to watch Letterkenny anywhere online,0.0,0.0
Tampa Bay Buccaneers vs. Detroit Lions: How to watch week 16 NFL from anywh,0.0,0.0
Angry about the Netflix price hike? Here are 10 free streaming alternatives,0.0,0.0
How to watch Arsenal vs Chelsea: Live stream Premier League soccer online,0.0,0.0
Miami Dolphins vs. Las Vegas Raiders: How to watch week 16 of NFL play from,0.34,1.0
San Francisco 49ers vs. Arizona Cardinals: How to watch week 16 of NFL play,0.34,1.0
Technical Support for Roku Enter Link Code Activation,0.4019,1.0
‘Wonder Woman 1984’ Experiences Glitches For Some HBO Max Subs As DC Sequel Eyes Pandemic’s Best B.O. Opening,0.6369,1.0
The All New Roku Ultra is the Best New Streaming Player of the Year (Cordie Awards 2020),0.802,1.0
The All New Roku Ultra is the Best New Streaming Player of the Year (Cordie Awards 2020) - Cord Cutters News,0.802,1.0
These 3 Tech Stocks Gained Over 50% in 2020: Here's Why They're Still Buys in 2021 - Motley Fool,-0.0772,-1.0
"Got $3,000? These 3 Tech Stocks Could Make You Rich in 2021 - Motley Fool",0.1779,1.0
Wonder Woman 1984,0.0,0.0
"The best after-Christmas tech deals on the internet: Save on Apple, Sony, Bose, Samsung, and more - Yahoo Lifestyle",0.8126,1.0
The definitive ranking of streaming services as we head into 2021,0.0,0.0
Amazon Canada Boxing Day 2020 Deals: Save 46% Off Fossil Gen 5 Smartwatch + 20% on TCL 50″ Roku Smart TV + More HOT Offers,0.765,1.0
We found 70 amazing after-Christmas tech deals on Amazon—shop now before they sell out - Yahoo Sports,0.5859,1.0
How to Watch the Times Square Ball Drop on New Year's Eve,-0.2732,-1.0
HBO Max: Everything to know about the app streaming Wonder Woman 1984 - CNET,0.0,0.0
Experts believe vaccines will be effective against new variants of virus,0.4767,1.0
"In 2021, Google needs to keep growing and supporting Google TV",0.5574,1.0
How to watch Wonder Woman 1984 anywhere online,0.0,0.0
Minnesota Vikings vs. New Orleans Saints: How to watch week 16 of NFL play,0.34,1.0
Got a new Roku this holiday season? Here's how to set it up - CNET,0.481,1.0
How To Watch Wonder Woman: 1984 Right Now,0.0,0.0
These 5 super-popular products won’t stop selling out at Amazon,-0.128,-1.0
The Best Movies On HBO Max - December 2020,0.6369,1.0
Wonder Woman 1984 Now Streaming on HBO Max: How to Watch,0.0,0.0
Jingle all the way: What will 2021 mean to the advertising world?,0.0,0.0
"Apple Loop: iPhone 13 Upgrades Confirmed, iOS Privacy Switched On, New MacBook Pro Design",0.0,0.0
Warnock and Ossoff each raise over $100M in Georgia Senate runoffs,0.0,0.0
Doctor who discovered Ebola warns of more viruses after COVID-19,-0.1027,-1.0
Michael Cohen says prosecutors have ‘mounting evidence’ against Trump,0.0,0.0
HBO Max: Everything to know about the app streaming Wonder Woman 1984 - CNET,0.0,0.0
"""Wonder Woman 1984"" is ""chaotic"" and ""delightfully cheesy"": Reviews of this year's superhero sequel",0.5719,1.0
Michael Cohen says prosecutors have ‘mounting evidence’ against Trump,0.0,0.0
Chrissy Teigen is ‘sad’ she’ll never be pregnant again after losing son Jack,-0.3818,-1.0
Experts believe vaccines will be effective against new variants of virus,0.4767,1.0
HBO Max lists all the devices that can play 'Wonder Woman 1984' in 4K HDR,0.34,1.0
"Best streamer of 2021: Roku, Apple TV 4K, Fire Stick, Chromecast with Google TV and more compared - CNET",0.4215,1.0
Stock Split Watch: Is Roku Next?,0.0,0.0
Military on alert over Trump’s martial law threat: ‘The craziness is unprecedented’,-0.5859,-1.0
NC Supreme Court to remove portrait of chief justice who was a slave owner,0.7906,1.0
Adding $600 to These 3 Top Stocks Would Be a Brilliant Move,0.6808,1.0
How to Watch ‘Wonder Woman 1984’ Online: Stream the Film for Free on HBO Max,0.5106,1.0
55-inch 4K TCL TV with Android TV available $150 off at Best Buy,0.6369,1.0
125° - Roku 4K Streaming Stick + (plus) 4k £25 In-store Sainsbury's Hendon,0.0,0.0
Here’s How You Can Get HBO Max if You Already Pay for HBO,-0.1027,-1.0
Top Christmas Movies Searched December 2020 in Canada,0.2023,1.0
Top Movie Searches in Canada 2020,0.2023,1.0
Apple TV Refresh With An Emphasis On Gaming Expected To Arrive in 2021 - Mashable India,0.0,0.0
Biden’s unprecedented inauguration is being spearheaded by a Black woman,0.0,0.0
FL Gov. DeSantis won’t prioritize essential workers for vaccine,0.0,0.0
Rev. Raphael Warnock pulls ahead of Kelly Loeffler in Georgia Senate poll,0.0,0.0
What Time Will ‘Wonder Woman 1984’ Be on HBO Max?,0.0,0.0
"Stream 6-months of STARZ for $25 and watch Elf, Game of Thrones, much more (54% off)",0.0,0.0
Full Day of Anthologies Including the ‘V/H/S’ Series Streaming on Bloody Disgusting TV This Weekend!,-0.7644,-1.0
Netflix’s Reed Hastings collects $225 million in stock sale,0.0,0.0
NBA streaming: Best ways to watch the 2020-2021 basketball season live online without cable - CNET,0.6369,1.0
Here’s who doesn’t qualify for upcoming COVID-19 stimulus check,0.0,0.0
"Today’s best deals: Honeywell face masks, $10 Echo speaker, Prime-exclusive deals, $115 robot vacuum, $20 Wyze Cam, more",0.6369,1.0
Dominion Voting Systems worker files lawsuit against Trump campaign,-0.2263,-1.0
These Were the 5 Best Stay-At-Home Stocks of 2020,0.6369,1.0
Will AT&T's Blockbuster Bet on HBO Max Pay Off?,0.5423,1.0
10 things in tech you need to know today,0.0,0.0
Premium Subscriptions Available for 99 cents,0.0,0.0
DC Universe Deactivates TV App on Roku,0.0,0.0
Get a Roku player with 4K and HDR for just $27 today at Amazon,0.1779,1.0
"115° - Roku Streambar | HD/4K/HDR Streaming Media Player and Soundbar, Black - £99.99 Delivered @ Amazon",0.1779,1.0
"ET Deals: Nearly $800 Off Dell 2020 Vostro 15 7500 Core i7, Ring Video Doorbell 3 w/ Echo Show 5 for $149",0.0,0.0
Level-up your tech with these helpful KPRC 2 apps - KPRC Click2Houston,0.4215,1.0
"So, I Have Some Good News And Bad News About Roku's HBO Button",-0.0865,-1.0
Trump Finally Did It! BOMBSHELL Executive Order Dropped! Intel Agencies OVERRIDDEN-Release Imminent!,0.0,0.0
Sell These Covered Calls For Income And To Lower Risk,-0.5106,-1.0
New Apple TV just leaked with two killer upgrades - Tom's Guide,-0.765,-1.0
Tntdrama Activate com Activate (Dec) A Guide To Activate!,0.0,0.0
Everything Coming to HBO Max in January 2021,0.0,0.0
Best gifts under $100 for this holiday 2020 - CNET,0.8087,1.0
Media faces upheaval — and deal opportunity,0.4215,1.0
HBO Max update prepares you for Wonder Woman 1984 in glorious 4K HDR,0.6369,1.0
How to Watch YouTube on TV,0.0,0.0
How Roku's Transforming Its Most Important Product,0.2716,1.0
NBA streaming: Best ways to watch the 2020-2021 basketball season live without cable - CNET,0.6369,1.0
"Roku insiders detail how it beat out Amazon and Google to dominate streaming TV and expand its ad business, but created new challenges and rankled some partners (ROKU)",0.5719,1.0
Follow Steps To Activate Roku Device | Roku Com Link Activation,0.0,0.0
Get Solution to Activate Roku from Roku Com Link,0.3182,1.0
"Today’s top deals: Black KN95 masks, $80 Ring Doorbell, $50 off Apple Watch Series 6, $22 Roku, Ray-Ban sale, more",0.2023,1.0
"Latest HBO Max update delivers 4K HDR support on Android TV, Chromecast with Google TV",0.0,0.0
Goldman Sachs Acquires White Ops; Roku To Pass 100M US Users In 2020,0.0,0.0
How to watch the NBA Season live stream online from anywhere,0.0,0.0
"Shopping in 2020: Bestselling headphones, earbuds and other audio",0.0,0.0
105° - ROKU Express HD Streaming Media Player £17.99 @ Currys,0.0,0.0
Chip Ganassi Racing Partners With Startup Streaming Network To Become First Major Extreme E Sponsor,0.0,0.0
116° - Roku Premiere | HD/4K/HDR | Streaming Media Player - £27 Delivered @ AO,-0.8221,-1.0
Holiday Horror Streaming All Week on Bloody Disgusting TV!,0.0,0.0
Four stocks to consider buying on pullbacks heading into 2021,-0.296,-1.0
AT&T's Questionable Assumptions On Streaming's Potential,0.3818,1.0
"Roku to top 100 million US users this year, reaching nearly half of the country's CTV users",0.0,0.0
AT&T Can't Seem to Get Rid of DirecTV,-0.2023,-1.0
Wonder Woman Forces AT&T & Roku To End Their Petty Squabbles,0.0,0.0
How to Watch YouTube on TV,0.0,0.0
Why Roku Stock Climbed to All-Time Highs Today,0.3412,1.0
Roku Insiders Are Selling -- But Investors Shouldn't Worry,-0.0772,-1.0
Does Philo have local TV channels? No — here are some services that allow you to watch live local TV,0.0,0.0
Concept: How Apple could differentiate the Apple TV and supercharge tvOS in the process,0.0,0.0
"People 75 and older, essential workers next in line for vaccine: CDC",0.0,0.0
Here’s When You Can Stream ‘Wonder Woman 1984’ on HBO Max on Christmas Day,0.4939,1.0
"Showiz Shares Dip On Market Jitters Over U.K. Covid Strain; Netflix, Disney Shares Wobble, Roku A Standout",0.5574,1.0
5 Stocks That Could Make You Rich in 2021,0.5994,1.0
Joelle Gamble to join Biden administration as economic special assistant,0.0,0.0
Elevate Your Binge Sessions With CuriosityStream’s Educational Streaming Service,0.0,0.0
121° - ROKU Premiere 4K HDR Streaming Media Player - £27.99 // Express - £17.99 Delivered @ Currys,0.1779,1.0
146° - Roku Premiere | HD/4K/HDR Streaming Media Player £27.99 at Amazon,0.1779,1.0
133° - Roku Japanese Craft Gin - £25 (possibly £23.75 on s&s) @ Amazon,0.6166,1.0
101° - 3 Months FREE StarzPlay Streaming Service (for new ROKU devices),0.0,0.0
Where To Watch Wonder Woman: 1984 on Christmas Day,0.3802,1.0
Deal Struck! AT&T and Tegna Reach Agreement to End Standoff,0.34,1.0
CuriosityStream delivers on engaging fact-based programming,0.0,0.0
"WWE TLC 2020: How to watch, start times, full card and WWE Network - CNET",0.5719,1.0
How Roku Won Its HBO Max Negotiations,-0.1695,-1.0
Don't Be Surprised If Roku Soars from Here. Here's Why.,0.34,1.0
San Francisco 49ers vs. Dallas Cowboys: How to watch week 15 of NFL play fr,0.0,0.0
How to watch Bears vs Vikings live stream online from anywhere,0.0,0.0
How to watch Patriots vs Dolphins live stream online from anywhere,0.4215,1.0
How to watch Man United vs Leeds: Live stream Premier League soccer online,0.0,0.0
Seattle Seahawks vs. Washington Football Team: How to watch week 15 of NFL,0.0,0.0
How to watch the Eagles vs Cardinals online live stream anywhere,0.34,1.0
New York Jets vs. Los Angeles Rams: How to watch week 15 of NFL play from a,0.5574,1.0
3 Surefire Growth Stocks to Buy Before 2021,0.6124,1.0
The Smartest Investors Should Do This in 2021,0.0,0.0
2x 700ml Roku Gin 700 Ml $69.90@ GraysOnline + Delivery,-0.0258,0.0
"The Weekly Authority: Galaxy S21 All-Access, Tech that shook 2020, and more",0.0,0.0
CBC TV Now Available to Stream on Roku Devices,0.0,0.0
How to watch Wonder Woman 1984 on HBO Max this Christmas - CNET,0.8402,1.0
Virgin Media is giving away an amazing Google freebie to all customers: how to claim yours - Express,0.5574,1.0
"Domino’s to give $1,200 bonuses to workers, drivers",0.0,0.0
"2020 WWE TLC live stream, how to watch online, start time, card, matches, WWE Network",0.0,0.0
Does Roku Have Leverage Over Streaming Services?,0.6597,1.0
"As vaccine rollout begins, rich Californians seek ways to get on top of the list",0.0,0.0
Roku Device Activation,0.4019,1.0
How to watch this year’s SNL Christmas Special anywhere online,0.0,0.0
How to watch Barcelona vs Valencia: Live stream La Liga soccer online,0.4767,1.0
Bose TV Speaker review: Elegant and effortless TV enhancer,0.0,0.0
These 3 Tech Stocks Are Set Up for a Monster 2021,0.5106,1.0
What is Tubi? Everything you need to know about the free streaming service,-0.7096,-1.0
Time to Heed Warren Buffett's Advice on Greed and Fear,-0.5423,-1.0
Mitch McConnell seeks to end coronavirus paid sick leave program,0.0,0.0
Congress considers smaller round of stimulus checks in new virus spending bill,0.0,0.0
How to watch Canelo vs Smith live stream online from anywhere,0.34,1.0
Carolina Panthers vs. Green Bay Packers: How to watch week 15 of NFL play f,0.0,0.0
How to watch Clemson vs Notre Dame NCAAF live stream anywhere,-0.4404,-1.0
Kamala Harris says ‘representation matters’ amid criticism over cabinet picks,0.0,0.0
Canadians can now watch CBC through their Roku TV,-0.34,-1.0
"Streaming Spotlight: HBO Max's Big Week, Netflix's Royal Feud, And Peacock's 'Office' Roll-Out",0.1779,1.0
123° - Roku Express | HD Streaming Media Player - £17.99 Prime/+£4.49 Non Prime @ Amazon,0.0,0.0
Panthers vs. Packers: How to watch or stream Week 15 matchup,0.0,0.0
One of the Best-Performing Stocks Since the Downturn Is Just Getting Started,0.4926,1.0
"HBO Max Is Now on Roku. Thanks, Wonder Woman!",0.0258,0.0
Pressure to expand HBO Max distribution ahead of film release strategy likely pushed Roku deal over finish line,0.0,0.0
"Suntory Whisky Toki, Haku Vodka + Roku Gin Set",0.0,0.0
Pairing Celebratory Suntory Spirits With Premium Japanese Barware,-0.4019,-1.0
"As its revenue surges, Roku has become increasingly forceful in its negotiations with media companies, as evidenced by its fights with Fox and WarnerMedia (Patience Haggin/Wall Street Journal)",0.0,0.0
HBO Max Deal And Two Other Reasons Roku Stock Could Hit $660,0.4588,1.0
How to watch The Grand Tour: A Massive Hunt anywhere online,0.0,0.0
How to watch Gennady Golovkin vs Kamil Szeremeta boxing live stream,0.0,0.0
How Roku Stock Can Soar Even Higher After HBO Max Deal,0.25,1.0
"Billie Eilish, Foo Fighters Join iHeartRadio Alter Ego 2021 Lineup",0.0,0.0
Święta w Microsoft Store. Gry na konsole Xbox w niższych cenach,0.0,0.0
How Roku Finally Landed HBO Max,-0.4019,-1.0
"Google runs into antitrust trouble, Roku gets HBO Max video - CNET",0.0,0.0
CBC TV Launches on Roku Devices,0.4767,1.0
Watch Disney+ movies and series with friends through Rave app,0.0,0.0
New Service Wants to be the Spotify of Photography,0.0,0.0
"iHeartRadio’s ALTer EGO to Feature Performances by Coldplay, Blink-182, Muse & More",0.0,0.0
What is Philo TV? Here's everything you need to know about the low-cost TV streaming service,-0.4019,-1.0
"As its revenue surges, Roku has become increasingly forceful in its negotiations with media companies, as evidenced by its fights with Fox and WarnerMedia (Patience Haggin/Wall Street Journal)",0.0,0.0
How to Watch ‘Wonder Woman 1984’ on HBO Max,0.0,0.0
You Can Finally Watch HBO Max on Roku,0.2023,1.0
Roku Jumps After Reaching Deal With AT&T to Carry HBO Max - Yahoo Canada Finance,0.0,0.0
"Roku owners finally get a crack at HBO Max, six months after launch",0.0,0.0
How Much Watching Time Do You Have This Weekend?,0.0,0.0
The Morning After: Twitter fixed the retweet button,0.0,0.0
HBO Max is finally available on Roku: Here's what you need to know,0.0,0.0
Google Chromecast users to get access to Apple TV services next year - Reuters India,0.6369,1.0
Best Streaming Devices: Watch anything your heart desires,0.0,0.0
Stocks Trade Higher as Wall Street Bets Stimulus Package Is Near - TheStreet,0.5423,1.0
"Apple TV+ Shares Trailer for Original Film 'Palmer' Starring Justin Timberlake, Debuts January 29",0.0,0.0
The Ratings Game: Roku lifted to a Street-high $410 after HBO Max deal,0.0,0.0
HBO Max is now available on Roku and PlayStation 5,0.0,0.0
HBO Max Patches Its Roku Hole Six Months After Launch,0.0,0.0
"WWE TLC 2020: How to watch, start times, match card and WWE Network - CNET",0.0,0.0
Why Roku Stock Jumped Today,0.25,1.0
The Best Apple-ish Gear for Apple Haters,-0.4588,-1.0
"Moderna COVID-19 vaccine candidate, Georgia absentee ballot lawsuit: 5 things to know Thursday",0.0516,1.0
Roku Finally Reaches a Deal for HBO Max,0.2449,1.0
HBO Max Had More to Gain Than Roku to Lose,0.0,0.0
"HBO Max finally coming to Roku as ""Wonder Woman 1984,"" ""Dune,"" and more prepare to stream",0.0,0.0
HBO Max comes to Roku starting tomorrow,0.0,0.0
HBO Max is finally coming to Roku,0.0,0.0
HBO Max will finally land on Roku devices tomorrow,0.0,0.0
Roku Users Are Finally Getting HBO Max,0.0,0.0
Roku users can *finally* watch HBO Max,0.0,0.0
Roku to carry AT&T’s HBO Max streaming service - Reuters,0.0,0.0
HBO Max has landed on PS5,0.4019,1.0
Google TV Plugs Its Biggest Hole with Upcoming Support for Apple TV App,-0.128,-1.0
"HBO Max, Roku strike deal at last (Yes, you'll be able to stream Wonder Woman 1984) - CNET",0.6369,1.0
"The best soundbar for 2020: Yamaha, Roku, Vizio, JBL and more - CNET",0.0,0.0
HBO Max is coming to Roku on Dec. 17,-0.5423,-1.0
Theaters May Slash WB Ticket Prices In Retaliation to HBO Max Plan - Screen Rant,0.0,0.0
HBO Max and Roku bury the hatchet: Roku users can add the service December 17,0.0,0.0
Google Chromecast users to get access to Apple TV services next year - Reuters,0.0,0.0
HBO Max On Roku: It's Available Now,0.5574,1.0
"Roku and WarnerMedia have reached an agreement to distribute HBO Max on the Roku platform, starting Thursday (Todd Spangler/Variety)",-0.3818,-1.0
Finally: HBO Max Coming to Roku After Lengthy Behind-the-Scenes Battle,0.0,0.0
The HBO Max Roku app is launching just in time for Wonder Woman 1984,0.0,0.0
What is Acorn TV? Everything you need to know about the streaming service that offers international shows,0.0,0.0
